#count	frequency	CDR3nt	CDR3aa	V	D	J	C	cid	cid_full_length
44	2.485876e-01	TGTGACAATAACAATGACATGCGCTTT	CDNNNDMRF	TRAV16*01	.	TRAJ43*01	.	assemble379	0
33	1.864407e-01	TGTGCTGTGAGTGATAGTGGAGGTAGCAACTATAAACTGACATTT	CAVSDSGGSNYKLTF	TRAV8-4*01	.	TRAJ53*01	.	assemble464	0
22	1.242938e-01	TGTGCTCTGAGTGATCAGGGTTACCAGAAAGTTACCTTT	CALSDQGYQKVTF	TRAV9-2*01	.	TRAJ13*01	.	assemble164	0
22	8.461538e-01	TGTGCTGCGTGGGATTAAGGATTATTATAAGAAACTCTTT	out_of_frame	TRGV10*02	.	TRGJ1*01	TRGC	assemble513	0
20	1.129944e-01	TGTGCTGTTTATACTGGAGGCTTCAAAACTATCTTT	CAVYTGGFKTIF	TRAV1-2*01	.	TRAJ9*01	TRAC	assemble554	0
14	7.909605e-02	TGTGCTTATAGGATATCTAACTTTGGAAATGAGAAATTAACCTTT	CAYRISNFGNEKLTF	TRAV38-2/DV8*01	.	TRAJ48*01	TRAC	assemble618	0
8	4.519774e-02	TGTGCAGAGAATATCGGCTCTAGCAACACAGGCAAACTAATCTTT	CAENIGSSNTGKLIF	TRAV13-2*01	.	TRAJ37*02	.	assemble795	0
7	4.117647e-01	TGTGCCAGCAGCTACCAAGAGACCCAGTACTTC	CASSYQETQYF	TRBV12-3*01	.	TRBJ2-5*01	TRBC	assemble706	0
5	2.824859e-02	TGTGCTGTGGGTGCAAGGAACACCGACAAGCTCATCTTT	CAVGARNTDKLIF	TRAV8-3*01	.	TRAJ34*01	.	assemble818	0
4	2.259887e-02	TGTGCTGTGGGTGCGGACACCGACAAGCTCATCTTT	CAVGADTDKLIF	TRAV8-3*01	.	TRAJ34*01	.	assemble930	0
4	2.259887e-02	TGTGGAGCAGACGGGGATAGCAACTATCAGTTAATCTGG	CGADGDSNYQLIW	TRAV34*01	.	TRAJ33*01	.	assemble1295	0
3	1.764706e-01	TGTGCCAGCAGCTTAGAGTACGAGCAGTACTTC	CASSLEYEQYF	TRBV11-1*01	.	TRBJ2-7*01	TRBC	assemble924	0
3	1.153846e-01	TGTGCCACCTGGGACAGGCTATTATTATTAGAAACTCTTT	out_of_frame	TRGV3*01	.	TRGJ1*01	TRGC	assemble1174	0
2	1.176471e-01	TGTGCCAGCAGGGCATCTGGAAACACCATATATTTT	CASRASGNTIYF	TRBV25-1*01	TRBD1*01	TRBJ1-3*01	TRBC	assemble2405	0
2	1.129944e-02	TGTGCTGTGGAGGGGAATAACAATGCCAGACTCATGTTT	CAVEGNNNARLMF	TRAV2*01	.	TRAJ31*01	.	assemble1217	0
2	1.129944e-02	TGTGCTGTGGGTGACGATAACAATGACATGCGCTTT	CAVGDDNNDMRF	TRAV8-7*01	.	TRAJ43*01	.	assemble1426	0
2	1.129944e-02	TGTGCTGTGGAGGACAACAGAGATGACAAGATCATCTTT	CAVEDNRDDKIIF	TRAV2*01	.	TRAJ30*01	.	assemble1835	0
2	1.176471e-01	TGTGCCAGCAGCAGGAACACTGAAGCTTTCTTT	CASSRNTEAFF	TRBV3-1*01	.	TRBJ1-1*01	TRBC	assemble1266	0
2	1.176471e-01	TGTGCCAGCAGTGAATGG	CASSEW	TRBV6-1*01	.	.	.	assemble1124	0
2	1.129944e-02	TGTGCATTTTCTAACGACTACAAGCTCAGCTTT	CAFSNDYKLSF	TRAV14/DV4*02	.	TRAJ20*01	.	assemble1450	0
1	5.649718e-03	TGTGCTGTGAGTAACAATAACAATGACATGCGCTTT	CAVSNNNNDMRF	TRAV8-4*01	.	TRAJ43*01	.	assemble2307	0
1	5.649718e-03	TGTGCTCTAAGTGGCCCAATGCAGGCAAATCAACCTTT	out_of_frame	TRAV16*01	.	TRAJ27*01	.	assemble2580	0
1	5.649718e-03	TGTGTGGTGATAACACCAATGCAGGCAAATCAACCTTT	out_of_frame	TRAV12-1*01	.	TRAJ27*01	.	assemble2525	0
1	5.649718e-03	TGTGCTTTCAGTAATGCAGGCAACATGCTCACCTTT	CAFSNAGNMLTF	TRAV38-1*01	.	TRAJ39*01	.	assemble2554	0
1	5.649718e-03	TGTGCTACGGACGGGGGAGCCCAGAAGCTGGTATTT	CATDGGAQKLVF	TRAV17*01	.	TRAJ54*01	.	assemble2435	0
1	5.649718e-03	TGTGCTGTGAGTGACCAGGGAGCCCAGAAGCTGGTATTT	CAVSDQGAQKLVF	TRAV8-4*01	.	TRAJ54*01	.	assemble2349	0
1	5.649718e-03	TGCCTCGTGGGTGACGACCAGGCAGGAACTGCTCTGATCTTT	CLVGDDQAGTALIF	TRAV4*01	.	TRAJ15*01	.	assemble2252	0
1	5.649718e-03	TGTGCTCTCTATGGCTCTAGCTTGACCTTT	CALYGSSLTF	TRAV6*02	.	TRAJ58*01	.	assemble2513	0
1	5.649718e-03	TGTGCAATGAGCGGAGAAACCAGTGGCTCTAGGTTGACCTTT	CAMSGETSGSRLTF	TRAV12-3*01	.	TRAJ58*01	.	assemble2533	0
1	5.649718e-03	TGTGCTGTGAGAGACGACACCGACAAGCTCATCTTT	CAVRDDTDKLIF	TRAV3*01	.	TRAJ34*01	.	assemble2298	0
1	5.649718e-03	TGTGCTGTGAGAGAGAATACTGGAGGAACAATTGATAAACTCACATTT	CAVRENTGGTIDKLTF	TRAV1-2*01	.	TRAJ2*01	.	assemble2566	0
1	5.649718e-03	TGCGCTGTGAGAGATATACTGGAGGCTTCAAAACTATCTTT	out_of_frame	TRAV1-1*01	.	TRAJ9*01	.	assemble2594	0
1	5.649718e-03	TGCCTCGTGGGACGGATGGATAGCAGCTATAAATTGATCTTC	CLVGRMDSSYKLIF	TRAV4*01	.	TRAJ12*01	.	assemble2360	0
1	5.649718e-03	TGCCTCGTGGGTGAGACTACAAGCTCAGCTTT	out_of_frame	TRAV4*01	.	TRAJ20*01	.	assemble2272	0
1	5.882353e-02	TGTGCCAGCAGTGAAAGG	CASSER	TRBV6-1*01	.	.	.	assemble1124	0
1	3.846154e-02	TGTGCTGCGTGGAAACTCTTT	CAAWKLF	TRGV10*01	.	TRGJ1*01	TRGC	assemble2511	0
1	5.649718e-03	TGTGCAATGAGAGAGGATGGAAACAAGCTGGTCTTT	CAMREDGNKLVF	TRAV14/DV4*02	.	TRAJ47*02	.	assemble2535	0
