sequence_id	sequence	rev_comp	productive	locus	v_call	d_call	j_call	c_call	sequence_alignment	germline_alignment	cdr1	cdr2	junction	junction_aa	v_cigar	d_cigar	j_cigar	c_cigar	v_identity	j_identity	cell_id	complete_vdj	consensus_count
assemble164_0	GGAAATTCAGTGACCCAGATGGAAGGGCCAGTGACTCTCTCAGAAGAGGCCTTCCTGACTATAAACTGCACGTACACAGCCACAGGATACCCTTCCCTTTTCTGGTATGTCCAATATCCTGGAGAAGGTCTACAGCTCCTCCTGAAAGCCACGAAGGCTGATGACAAGGGAAGCAACAAAGGTTTTGAAGCCACATACCGTAAAGAAACCACTTCTTTCCACTTGGAGAAAGGCTCAGTTCAAGTGTCAGACTCAGCGGTGTACTTCTGTGCTCTGAGTGATCAGGGTTACCAGAAAGTTACCTTT	F	T	TRA	TRAV9-2*01		TRAJ13*01		GGAAATTCAGTGACCCAGATGGAAGGGCCAGTGACTCTCTCAGAAGAGGCCTTCCTGACTATAAACTGCACGTACACAGCCACAGGATACCCTTCCCTTTTCTGGTATGTCCAATATCCTGGAGAAGGTCTACAGCTCCTCCTGAAAGCCACGAAGGCTGATGACAAGGGAAGCAACAAAGGTTTTGAAGCCACATACCGTAAAGAAACCACTTCTTTCCACTTGGAGAAAGGCTCAGTTCAAGTGTCAGACTCAGCGGTGTACTTCTGTGCTCTGAGTGATCAGGGTTACCAGAAAGTTACCTTT	GGAAATTCAGTGACCCAGATGGAAGGGCCAGTGACTCTCTCAGAAGAGGCCTTCCTGACTATAAACTGCACGTACACAGCCACAGGATACCCTTCCCTTTTCTGGTATGTCCAATATCCTGGAGAAGGTCTACAGCTCCTCCTGAAAGCCACGAAGGCTGATGACAAGGGAAGCAACAAAGGTTTTGAAGCCACATACCGTAAAGAAACCACTTCTTTCCACTTGGAGAAAGGCTCAGTTCAAGTGTCAGACTCAGCGGTGTACTTCTGTGCTCTGAGTGATCAGGGTTACCAGAAAGTTACCTTT	GCCACAGGATACCCTTCC	GCCACGAAGGCTGATGACAAG	TGTGCTCTGAGTGATCAGGGTTACCAGAAAGTTACCTTT	CALSDQGYQKVTF	281M25S		284S10N22M31N		100.00	100.00		F	22
assemble379_0	ATGTATTACTGTGACAATAACAATGACATGCGCTTTGGAGCAGGGACCAGACTGACAGTAAAACCAAGTATCCAGAACCC	F	T	TRA	TRAV16*01		TRAJ43*01		ATGTATTACTGTGACAATAACAATGACATGCGCTTTGGAGCAGGGACCAGACTGACAGTAAAACCAA	ATGTATTACTGTGACAATAACAATGACATGCGCTTTGGAGCAGGGACCAGACTGACAGTAAAACCAA			TGTGACAATAACAATGACATGCGCTTT	CDNNNDMRF	249N13M67S10N		13S54M13S		100.00	100.00		F	44
assemble464_0	GGCTGAGTACTTCTGTGCTGTGAGTGATAGTGGAGGTAGCAACTATAAACTGACATTTGGAAAAGGAACTCTCTTAACCGTGAATCCAAATATCC	F	T	TRA	TRAV8-4*01		TRAJ53*01		GGCTGAGTACTTCTGTGCTGTGAGTGATAGTGGAGGTAGCAACTATAAACTGACATTTTGGAAAAGGAACTCTCTTAACCGTGAATCCAA	GGCTGAGTACTTCTGTGCTGTGAGTGAATAGTGGAGGTAGCAACTATAAACTGACATTTGGAAAAGGAACTCTCTTAACCGTGAATCCAA			TGTGCTGTGAGTGATAGTGGAGGTAGCAACTATAAACTGACATTT	CAVSDSGGSNYKLTF	257N27M68S		26S3N63M6S		100.00	100.00		F	33
assemble513_0	GCAACAAAGTGGAGGCAAGAAAGAATTCTCAAACTCTCACTTCAATCCTTACCATCAAGTCCGTAGAGAAAGAAGACATGGCCGTTTACTACTGTGCTGCGTGGGATTAAGGATTATTATAAGAAACTCTTTGGCAGTGGAACAACACTGGTTGTCACAGATAAACAACTTGATGCAGATGTTTCCCCCAAGCCCACTATTTTTCTTCCTTCAATTGCTGAAACAAAACTCCAGAAGGCTGGAACATACCTTTGTCTTCTTGAGAAATTTTTCCCAGATATTATTAAGATACAT	F	F	TRG	TRGV10*02		TRGJ1*01	TRGC2	GCAACAAAGTGGAGGCAAGAAAGAATTCTCAAACTCTCACTTCAATCCTTACCATCAAGTCCGTAGAGAAAGAAGACATGGCCGTTTACTACTGTGCTGCGTGGGATTAAGGATTATTATAAGAAACTCTTTGGCAGTGGAACAACACTGGTTGTCACAG	GCAACAAAGTGGAGGCAAGAAAGAATTCTCAAACTCTCACTTCAATCCTTACCATCAAGTCCGTAGAGAAAGAAGACATGGCCGTTTACTACTGTGCTGCGTGGGATTAAGGATTATTATAAGAAACTCTTTGGCAGTGGAACAACACTGGTTGTCACAG			TGTGCTGCGTGGGATTAAGGATTATTATAAGAAACTCTTT		199N109M185S		112S2N48M134S	160S134M879N	100.00	100.00		F	22
assemble554_0	TCTGTGCTGTTTATACTGGAGGCTTCAAAACTATCTTTGGAGCAGGAACAAGACTATTTGTTAAAGCAAATATCCAGAACCCTGACCCTGCCG	F	T	TRA	TRAV1-2*01		TRAJ9*01	TRAC	TCTGTGCTGTTTATACTGGAGGCTTCAAAACTATCTTTGGAGCAGGAACAAGACTATTTGTTAAAGCAA	TCTGTGCTGTTTATACTGGAGGCTTCAAAACTATCTTTGGAGCAGGAACAAGACTATTTGTTAAAGCAA			TGTGCTGTTTATACTGGAGGCTTCAAAACTATCTTT	CAVYTGGFKTIF	259N10M83S6N		12S4N57M24S	69S24M952N	100.00	100.00		F	20
assemble618_0	TGTGCTTATAGGATATCTAACTTTGGAAATGAGAAATTAACCTTTGGGACTGGAACAAGACTCACCATCATACCCAATATCCAGAACCCTGACCCTGCCG	F	T	TRA	TRAV38-2/DV8*01		TRAJ48*01	TRAC	TGTGCTTATAGGATATCTAACTTTGGAAATGAGAAATTAACCTTTGGGACTGGAACAAGACTCACCATCATACCCA	TGTGCTTATAGGATATCTAACTTTGGAAATGAGAAATTAACCTTTGGGACTGGAACAAGACTCACCATCATACCCA			TGTGCTTATAGGATATCTAACTTTGGAAATGAGAAATTAACCTTT	CAYRISNFGNEKLTF	273N13M87S3N		13S63M24S	76S24M952N	100.00	100.00		F	14
assemble706_0	GGGACTCAGCTGTGTACTTCTGTGCCAGCAGCTACCAAGAGACCCAGTACTTCGGGC	F	T	TRB	TRBV12-3*01		TRBJ2-5*01		GGGACTCAGCTGTGTACTTCTGTGCCAGCAGCTACCAAGAGACCCAGTACTTCGGGC	GGGACTCAGCTGTGTACTTCTGTGCCAGCAGCTACCAAGAGACCCAGTACTTCGGGC			TGTGCCAGCAGCTACCAAGAGACCCAGTACTTC	CASSYQETQYF	253N31M26S6N		33S24M24N		93.94	100.00		F	7
assemble795_0	AGACTCAGCTGTCTACTTTTGTGCAGAGAATATCGGCTCTAGCAACACAGGCAAACTAATCTTTGGGC	F	T	TRA	TRAV13-2*01		TRAJ37*02		AGACTCAGCTGTCTACTTTTGTGCAGAGAATATCGGCTCTAGCAACACAGGCAAACTAATCTTTGGGC	AGACTCAGCTGTCTACTTTTGTGCAGAGAATATCGGCTCTAGCAACACAGGCAAACTAATCTTTGGGC			TGTGCAGAGAATATCGGCTCTAGCAACACAGGCAAACTAATCTTT	CAENIGSSNTGKLIF	248N32M36S		34S1N34M27N		100.00	100.00		F	8
assemble818_0	GATGCTGCTGAGTACTTCTGTGCTGTGGGTGCAAGGAACACCGACAAGCTCATCTTTGGG	F	T	TRA	TRAV8-3*01		TRAJ34*01		GATGCTGCTGAGTACTTCTGTGCTGTGGGTGCAAGGAACACCGACAAGCTCATCTTTGGG	GATGCTGCTGAGTACTTCTGTGCTGTGGGTGCAAGGAACACCGACAAGCTCATCTTTGGG			TGTGCTGTGGGTGCAAGGAACACCGACAAGCTCATCTTT	CAVGARNTDKLIF	252N32M28S		36S6N24M28N		100.00	86.96		F	5
assemble924_0	GCCATGTATCTCTGTGCCAGCAGCTTAGAGTACGAGCAGTACTTC	F	T	TRB	TRBV11-1*01		TRBJ2-7*01		GCCATGTATCTCTGTGCCAGCAGCTTAGAGTACGAGCAGTACTTC	GCCATGTATCTCTGTGCCAGCAGCTTAGAGTACGAGCAGTACTTC			TGTGCCAGCAGCTTAGAGTACGAGCAGTACTTC	CASSLEYEQYF	261N28M17S1N		30S4N15M28N		96.55	100.00		F	3
assemble930_0	GAGTACTTCTGTGCTGTGGGTGCGGACACCGACAAGCTCATCTTTGGGACTGGGAC	F	T	TRA	TRAV8-3*01		TRAJ34*01		GAGTACTTCTGTGCTGTGGGTGCGGACACCGACAAGCTCATCTTTGGGACTGGGAC	GAGTACTTCTGTGCTGTGGGTGCGGACACCGACAAGCTCATCTTTGGGACTGGGAC			TGTGCTGTGGGTGCGGACACCGACAAGCTCATCTTT	CAVGADTDKLIF	261N23M33S		25S7N31M20N		95.45	100.00		F	4
assemble1124_0	AGACATCTGTGTACTTCTGTGCCAGCAGTGAATGGGGACAGGGG	F	T	TRB	TRBV6-1*01								TGTGCCAGCAGTGAATGG	CASSEW	253N32M12S2N				93.55			F	2
assemble1124_1	AGACATCTGTGTACTTCTGTGCCAGCAGTGAAAGGGGACAGGGG	F	T	TRB	TRBV6-1*01								TGTGCCAGCAGTGAAAGG	CASSER	253N32M12S2N				93.55			F	1
assemble1174_0	GCAAAATCTAATTGAAAATGATTCTGGATCTATTACTGTGCCACCTGGGACAGGCTATTATTATTAGAAACTCTTT	F	F	TRG	TRGV3*01		TRGJ1*01		GCAAAATCTAATTGAAAATGATTCT-GGATCTATTACTGTGCCACCTGGGACAGGCTATTATTATTAGAAACTCTTT	GCAAAATCTAATTGAAAATGATTCTGGGGTCTATTACTGTGCCACCTGGGACAGGCTATTATTATAAGAAACTCTTT			TGTGCCACCTGGGACAGGCTATTATTATTAGAAACTCTTT		245N25M1I29M22S		56S2N20M28N		95.15	90.00		F	3
assemble1217_0	TGTGCTGTGGAGGGGAATAACAATGCCAGACTCATGTTTGG	F	T	TRA	TRAV2*01		TRAJ31*01		TGTGCTGTGGAGGGGAATAACAATGCCAGACTCATGTTTGG	TGTGCTGTGGAGGGGAATAACAATGCCAGACTCATGTTTGG			TGTGCTGTGGAGGGGAATAACAATGCCAGACTCATGTTT	CAVEGNNNARLMF	249N13M28S1N		13S28M29N		104.00	100.00		F	2
assemble1266_0	GCTGTGTATTTCTGTGCCAGCAGCAGGAACACTGAAGCTTTCTTT	F	T	TRB	TRBV3-1*01		TRBJ1-1*01		GCTGTGTATTTCTGTGCCAGCAGCAGGAACACTGAAGCTTTCTTT	GCTGTGTATTTCTGTGCCAGCAGCAGGAACACTGAAGCTTTCTTT			TGTGCCAGCAGCAGGAACACTGAAGCTTTCTTT	CASSRNTEAFF	258N24M21S5N		26S1N19M28N		92.00	100.00		F	2
assemble1295_0	CCAGCCCAGCCATGCAGGCATCTACCTCTGTGGAGCAGACGGGGATAGCAACTATCAGTTAATCTGG	F	T	TRA	TRAV34*01		TRAJ33*01		CCAGCCCAGCCATGCAGGCATCTACCTCTGTGGAGCAGACGGGGATAGCAACTATCAGTTAATCTGG	CCAGCCCAGCCATGCAGGCATCTACCTCTGTGGAGCAGACGGGGATAGCAACTATCAGTTAATCTGG			TGTGGAGCAGACGGGGATAGCAACTATCAGTTAATCTGG	CGADGDSNYQLIW	236N40M27S1N		42S1N25M31N		100.00	100.00		F	4
assemble1426_0	GAGTACTTCTGTGCTGTGGGTGACGATAACAATGACATGCGCTTT	F	T	TRA	TRAV8-7*01		TRAJ43*01		GAGTACTTCTGTGCTGTGGGTGACGATAACAATGACATGCGCTTT	GAGTACTTCTGTGCTGTGGGTGACGATAACAATGACATGCGCTTT			TGTGCTGTGGGTGACGATAACAATGACATGCGCTTT	CAVGDDNNDMRF	261N23M22S		25S3N20M31N		100.00	100.00		F	2
assemble1450_0	ATTTCTGTGCATTTTCTAACGACTACAAGCTCAGCTTT	F	T	TRA	TRAV14/DV4*02		TRAJ20*01		ATTTCTGTGCATTTTCTAACGACTACAAGCTCAGCTTT	ATTTCTGTGCATTTTCTAACGACTACAAGCTCAGCTTT			TGTGCATTTTCTAACGACTACAAGCTCAGCTTT	CAFSNDYKLSF	268N11M27S11N		13S1N25M31N		100.00	100.00		F	2
assemble1835_0	GCTGTTTACTACTGTGCTGTGGAGGACAACAGAGATGACAAGATCATCTTT	F	T	TRA	TRAV2*01		TRAJ30*01		GCTGTTTACTACTGTGCTGTGGAGGACAACAGAGATGACAAGATCATCTTT	GCTGTTTACTACTGTGCTGTGGAGGACAACAGAGATGACAAGATCATCTTT			TGTGCTGTGGAGGACAACAGAGATGACAAGATCATCTTT	CAVEDNRDDKIIF	237N26M25S		27S2N24M31N		100.00	100.00		F	2
assemble2252_0	GTGTACTACTGCCTCGTGGGTGACGACCAGGCAGGAACTGCTCTGATCTTT	F	T	TRA	TRAV4*01		TRAJ15*01		GTGTACTACTGCCTCGTGGGTGACGACCAGGCAGGAACTGCTCTGATCTTT	GTGTACTACTGCCTCGTGGGTGACGACCAGGCAGGAACTGCTCTGATCTTT			TGCCTCGTGGGTGACGACCAGGCAGGAACTGCTCTGATCTTT	CLVGDDQAGTALIF	252N24M27S1N		25S3N26M31N		100.00	100.00		F	1
assemble2272_0	TGTGTACTACTGCCTCGTGGGTGAGACTACAAGCTCAGCTTT	F	F	TRA	TRAV4*01		TRAJ20*01		TGTGTACTACTGCCTCGTGGGTGAGACTACAAGCTCAGCTTT	TGTGTACTACTGCCTCGTGGGTGAGACTACAAGCTCAGCTTT			TGCCTCGTGGGTGAGACTACAAGCTCAGCTTT		251N24M18S2N		24S8N18M31N		100.00	100.00		F	1
assemble2298_0	TGTGCTGTGAGAGACGACACCGACAAGCTCATCTTTGGGAC	F	T	TRA	TRAV3*01		TRAJ34*01		TGTGCTGTGAGAGACGACACCGACAAGCTCATCTTTGGGAC	TGTGCTGTGAGAGACGACACCGACAAGCTCATCTTTGGGAC			TGTGCTGTGAGAGACGACACCGACAAGCTCATCTTT	CAVRDDTDKLIF	270N15M26S1N		16S7N25M26N		100.00	100.00		F	1
assemble2307_0	CTGAGTACTTCTGTGCTGTGAGTAACAATAACAATGACATGCGCTTT	F	T	TRA	TRAV8-4*01		TRAJ43*01		CTGAGTACTTCTGTGCTGTGAGTAACAATAACAATGACATGCGCTTT	CTGAGTACTTCTGTGCTGTGAGTAACAATAACAATGACATGCGCTTT			TGTGCTGTGAGTAACAATAACAATGACATGCGCTTT	CAVSNNNNDMRF	259N23M24S2N		24S23M31N		100.00	100.00		F	1
assemble2349_0	GAGTACTTCTGTGCTGTGAGTGACCAGGGAGCCCAGAAGCTGGTATTT	F	T	TRA	TRAV8-4*01		TRAJ54*01		GAGTACTTCTGTGCTGTGAGTGACCAGGGAGCCCAGAAGCTGGTATTT	GAGTACTTCTGTGCTGTGAGTGACCAGGGAGCCCAGAAGCTGGTATTT			TGTGCTGTGAGTGACCAGGGAGCCCAGAAGCTGGTATTT	CAVSDQGAQKLVF	261N23M25S		24S5N24M31N		95.45	100.00		F	1
assemble2360_0	GCTGTGTACTACTGCCTCGTGGGACGGATGGATAGCAGCTATAAATTGATCTTC	F	T	TRA	TRAV4*01		TRAJ12*01		GCTGTGTACTACTGCCTCGTGGGACGGATGGATAGCAGCTATAAATTGATCTTC	GCTGTGTACTACTGCCTCGTGGGACGGATGGATAGCAGCTATAAATTGATCTTC			TGCCTCGTGGGACGGATGGATAGCAGCTATAAATTGATCTTC	CLVGRMDSSYKLIF	249N23M31S5N		25S29M31N		100.00	100.00		F	1
assemble2405_0	TCTCAGTACCTCTGTGCCAGCAGGGCATCTGGAAACACCATATATTTTGG	F	T	TRB	TRBV25-1*01	TRBD1*01	TRBJ1-3*01		TCTCAGTACCTCTGTGCCAGCAGGGCATCTGGAAACACCATATATTTTTGG	TCTCAGTACCTCTGTGCCAGCAGCACAATCTGGAAACACCATATATTTTGG			TGTGCCAGCAGGGCATCTGGAAACACCATATATTTT	CASRASGNTIYF	258N23M27S6N	20S4N5M25S3N	27S1N23M26N		100.00	100.00		F	2
assemble2435_0	GCTTCTTACTTCTGTGCTACGGACGGGGGAGCCCAGAAGCTGGTATTT	F	T	TRA	TRAV17*01		TRAJ54*01		GCTTCTTACTTCTGTGCTACGGACGGGGGAGCCCAGAAGCTGGTATTT	GCTTCTTACTTCTGTGCTACGGACGGGGGAGCCCAGAAGCTGGTATTT			TGTGCTACGGACGGGGGAGCCCAGAAGCTGGTATTT	CATDGGAQKLVF	252N25M23S		26S7N22M31N		100.00	100.00		F	1
assemble2511_0	GCCGTTTACTACTGTGCTGCGTGGAAACTCTTTGGC	F	T	TRG	TRGV10*01		TRGJ1*01		GCCGTTTACTACTGTGCTGCGTGGAAACTCTTTTGGC	GCCGTTTACTACTGTGCTGCGTGGGAAACTCTTTGGC			TGTGCTGCGTGGAAACTCTTT	CAAWKLF	279N24M12S8N		23S12N13M25N		100.00	100.00		F	1
assemble2513_0	TCAGCTACCTACCTCTGTGCTCTCTATGGCTCTAGCTTGACCTTT	F	T	TRA	TRAV6*02		TRAJ58*01		TCAGCTACCTACCTCTGTGCTCTCTATGGCTCTAGCTTGACCTTT	TCAGCTACCTACCTCTGTGCTCTCTATGGCTCTAGGTTGACCTTT			TGTGCTCTCTATGGCTCTAGCTTGACCTTT	CALYGSSLTF	252N21M24S		26S13N19M31N		100.00	90.00		F	1
assemble2525_0	CAGCCACCTACCTCTGTGTGGTGATAACACCAATGCAGGCAAATCAACCTTT	F	F	TRA	TRAV12-1*01		TRAJ27*01		CAGCCACCTACCTCTGTGTGGTGATAACACCAATGCAGGCAAATCAACCTTT	CAGCCACCTACCTCTGTGTGGTGATAACACCAATGCAGGCAAATCAACCTTT			TGTGTGGTGATAACACCAATGCAGGCAAATCAACCTTT		247N24M28S3N		24S28M31N		100.00	100.00		F	1
assemble2533_0	CACCTACCTCTGTGCAATGAGCGGAGAAACCAGTGGCTCTAGGTTGACCTTT	F	T	TRA	TRAV12-3*01		TRAJ58*01		CACCTACCTCTGTGCAATGAGCGGAGAAACCAGTGGCTCTAGGTTGACCTTT	CACCTACCTCTGTGCAATGAGCGGAGAAACCAGTGGCTCTAGGTTGACCTTT			TGTGCAATGAGCGGAGAAACCAGTGGCTCTAGGTTGACCTTT	CAMSGETSGSRLTF	254N23M29S		24S4N28M31N		100.00	100.00		F	1
assemble2535_0	TGTATTTCTGTGCAATGAGAGAGGATGGAAACAAGCTGGTCTTT	F	T	TRA	TRAV14/DV4*02		TRAJ47*02		TGTATTTCTGTGCAATGAGAGAGGATGGAAACAAGCTGGTCTTT	TGTATTTCTGTGCAATGAGAGAGGATGGAAACAAGCTGGTCTTT			TGTGCAATGAGAGAGGATGGAAACAAGCTGGTCTTT	CAMREDGNKLVF	265N24M20S1N		24S6N20M31N		100.00	100.00		F	1
assemble2554_0	CTGCGATGTATTTCTGTGCTTTCAGTAATGCAGGCAACATGCTCACCTTT	F	T	TRA	TRAV38-1*01		TRAJ39*01		CTGCGATGTATTTCTGTGCTTTCAGTAATGCAGGCAACATGCTCACCTTT	CTGCGATGTATTTCTGTGCTTTCAGTAATGCAGGCAACATGCTCACCTTT			TGTGCTTTCAGTAATGCAGGCAACATGCTCACCTTT	CAFSNAGNMLTF	259N24M26S7N		25S7N25M31N		95.24	100.00		F	1
assemble2566_0	CCTCTTACCTCTGTGCTGTGAGAGAGAATACTGGAGGAACAATTGATAAACTCACATTT	F	T	TRA	TRAV1-2*01		TRAJ2*01		CCTCTTACCTCTGTGCTGTGAGAGAGAATACTGGAGGAACAATTGATAAACTCACATTT	CCTCTTACCTCTGTGCTGTGAGAGAGAATACTGGAGGAACAATTGATAAACTCACATTT			TGTGCTGTGAGAGAGAATACTGGAGGAACAATTGATAAACTCACATTT	CAVRENTGGTIDKLTF	250N25M34S		25S1N34M31N		100.00	100.00		F	1
assemble2580_0	ATGTATTACTGTGCTCTAAGTGGCCCAATGCAGGCAAATCAACCTTT	F	F	TRA	TRAV16*01		TRAJ27*01		ATGTATTACTGTGCTCTAAGTGGCCCAATGCAGGCAAATCAACCTTT	ATGTATTACTGTGCTCTAAGTGGCCCAATGCAGGCAAATCAACCTTT			TGTGCTCTAAGTGGCCCAATGCAGGCAAATCAACCTTT		249N23M24S		24S5N23M31N		100.00	100.00		F	1
assemble2594_0	TCTTACTTCTGCGCTGTGAGAGATATACTGGAGGCTTCAAAACTATCTTT	F	F	TRA	TRAV1-1*01		TRAJ9*01		TCTTACTTCTGCGCTGTGAGAGATATACTGGAGGCTTCAAAACTATCTTT	TCTTACTTCTGCGCTGTGAGAGATATACTGGAGGCTTCAAAACTATCTTT			TGCGCTGTGAGAGATATACTGGAGGCTTCAAAACTATCTTT		252N23M27S		24S4N26M31N		100.00	100.00		F	1
